Study,SIN3B 201,SIN3B 209,SIN3B 202,SIN3B 208,SIN3B 206
GTEX,71.12,4.56,0,3.18,1.06
GTEX,67.25,3.54,11.8,1.42,2.62
GTEX,63.57,1.85,2.24,4.63,4.66
GTEX,62.69,2.65,10.63,3.09,3.8
GTEX,58.91,1.86,4.19,4.95,6.32
GTEX,56.91,2.2,1.88,4.37,9.18
GTEX,55.84,2.02,1.5,5.09,8.61
GTEX,55.24,4.11,5.48,2.29,3.5
GTEX,54.75,4.24,3.69,5.16,5.41
GTEX,54.18,23.37,7.64,3.54,3.17
GTEX,53.87,2.2,0,4.64,7.05
GTEX,53.63,2.84,2.59,5.2,7.83
GTEX,53.55,2.63,2.94,5.78,8.68
GTEX,53.51,2.32,1.24,2.28,3.38
GTEX,53.12,3.54,4.28,4.85,7.03
GTEX,52.21,2.06,7.88,4.55,7.61
GTEX,50.82,1.52,6.3,6.12,9.76
GTEX,50.35,2.74,1.69,6.14,8.04
GTEX,50,2.63,4.1,3.11,7.82
GTEX,49.5,4.35,11.18,4.26,4.86
GTEX,49.43,1.48,2.52,3.92,10.45
GTEX,49.14,2.52,1.23,6.68,9.44
GTEX,49.13,0.81,2.19,4.71,10.81
GTEX,48.63,1.7,5.6,4.31,12.05
GTEX,48.19,1.2,0,6.49,9.57
GTEX,47.74,1.76,2.47,7.63,11.82
GTEX,47.55,2.55,0,7.43,11.33
GTEX,47.4,2.25,5.1,8.1,8.92
GTEX,47.24,3.66,1.14,7.18,10.94
GTEX,46.42,1.31,1.28,11.24,12.34
GTEX,46.37,2.11,1.99,7.22,13.5
GTEX,46.36,5.73,0,6.52,12.48
GTEX,46.15,2.47,3.45,8.53,9.72
GTEX,46.04,3.38,2.45,11.2,14.26
GTEX,45.93,2.03,5.59,7.16,14.86
GTEX,45.88,2.51,4.6,10.07,10.7
GTEX,45.84,2.61,6.86,6.63,6.89
GTEX,45.83,2.04,1.39,4.97,9.48
GTEX,45.79,1.91,0,12.25,10.3
GTEX,45.61,3.92,7.44,7.12,7.34
GTEX,45.52,2.48,4.47,5.43,10.05
GTEX,45.47,3.69,5.05,10.35,12.23
GTEX,45.43,1.51,0,10.05,13.86
GTEX,45.26,4.9,2.58,8.77,10.77
GTEX,45.12,2.53,2.45,8.73,8.18
GTEX,45.05,5.78,11.36,6.87,6.26
GTEX,44.99,1.6,2.4,8.89,13
GTEX,44.9,0.75,5.38,8.34,11.56
GTEX,44.86,3.09,7.06,7.15,9.11
GTEX,44.83,1.06,0.97,5.2,9.42
GTEX,44.82,1.71,5.95,6.8,13.29
GTEX,44.55,2.77,8.24,3.36,5.13
GTEX,44.41,1.74,4.19,9.4,13.22
GTEX,44.32,2.71,0.85,10.46,13.03
GTEX,44.3,1.09,6.08,10.44,10.78
GTEX,44.07,2.2,4.99,7.76,8.78
GTEX,43.93,1.95,1.62,6.75,10.09
GTEX,43.84,1.76,3.12,5.41,10.87
GTEX,43.81,2.28,7.63,8.76,11.22
GTEX,43.6,1.28,5.32,5.56,12.89
GTEX,43.5,2.47,7.9,7.65,12.43
GTEX,43.43,2.26,2.83,6.74,13.07
GTEX,43.18,3.22,3.48,5.96,7.67
GTEX,43.02,1.55,3.36,8.32,12.89
GTEX,42.96,0.95,3.58,7.33,13.35
GTEX,42.87,0.79,5.41,10.22,13.29
GTEX,42.75,4.12,3.49,10.39,9.21
GTEX,42.56,4.86,4.84,6.95,11.21
GTEX,42.53,1.15,5.02,8.44,9.61
GTEX,42.51,1.17,2.68,9.3,11.75
GTEX,42.5,7.68,14.2,1.46,4.37
GTEX,42.43,3,2.84,12.68,11.37
GTEX,42.41,1.91,3.47,8.65,8.16
GTEX,42.34,2.24,5.53,7.66,12.94
GTEX,42.3,2.87,3.52,7.6,12.18
GTEX,42.24,1.14,5.54,4.83,7.94
GTEX,42.23,9.21,15.72,4.29,3.42
GTEX,42.22,1.65,1.51,9.91,12.17
GTEX,42.08,1.71,1.78,9,11.91
GTEX,42.05,0.68,5.93,7.44,12.66
GTEX,42.02,1.44,6.63,10.04,13.65
GTEX,42,3.39,8.17,8.14,12.04
GTEX,41.92,2.66,3.41,7.02,12.41
GTEX,41.87,3.4,8.36,5.38,8.32
GTEX,41.87,2.66,9.92,8,10.25
GTEX,41.87,2.13,6.06,6.78,10.57
GTEX,41.83,2.05,3.33,9.02,9.46
GTEX,41.72,3.84,17.93,4.03,5.72
GTEX,41.61,2.34,7.22,6.53,11.19
GTEX,41.56,3.16,3.73,11.02,9.99
GTEX,41.46,1.37,6.43,8.73,11.61
GTEX,41.33,1.5,2.5,9.45,16.07
GTEX,41.32,0.91,3.17,8.09,14.52
GTEX,41.29,4.11,8.22,7.74,8.34
GTEX,41.27,1.84,5.25,8.94,11.5
GTEX,41.24,1.92,4.54,7.5,12.93
GTEX,41.21,2.25,4.61,8.74,9.1
GTEX,41.05,3.82,0.85,9.83,8.53
GTEX,40.9,2.77,1.83,9.65,14.7
GTEX,40.85,1.77,0,10.6,14.86
GTEX,40.79,1.4,4.71,9.93,11.49
GTEX,40.77,1.71,8.08,7.95,6.51
GTEX,40.77,1.35,5.76,10.94,9.62
GTEX,40.74,4.13,3.65,8.47,12.62
GTEX,40.71,1.2,2.35,12.59,14.52
GTEX,40.63,1.86,7.18,7.43,10.89
GTEX,40.62,1.3,4.85,9.98,10.94
GTEX,40.53,2.18,3.76,7.99,8.73
GTEX,40.48,2.67,0.21,9.8,13.14
GTEX,40.46,6.27,10.42,4.85,5.32
GTEX,40.45,3.14,6.57,12.56,7.97
GTEX,40.41,2.04,0.9,11.76,13.11
GTEX,40.39,2.42,3.29,10.68,11.91
GTEX,40.38,1.58,1.62,11.02,12.34
GTEX,40.37,2.94,3.23,8.19,12.75
GTEX,40.37,1.02,6.94,8.12,13.34
GTEX,40.31,2.4,6.23,8.26,12.77
GTEX,40.25,1.91,2.32,9.86,14.1
GTEX,40.25,1.58,7.54,10.99,11.41
GTEX,40.23,2.41,3.52,10.02,13.44
GTEX,40.21,2.55,1.12,10.78,14.91
GTEX,40.12,1.63,3.08,11.71,12.34
GTEX,40.11,2.19,3.7,7,10.31
GTEX,40.1,1.74,2.11,8.14,9.66
GTEX,40.06,1.46,4.23,9.7,12.53
GTEX,40,2.59,6.35,11.17,13.24
GTEX,39.98,2.79,10.15,7.38,8.35
GTEX,39.96,1.62,4.5,8.24,11.07
GTEX,39.92,2.26,5.29,10.17,11.75
GTEX,39.9,2.23,1.2,9.13,12.04
GTEX,39.89,1.73,7.73,10.45,13.57
GTEX,39.85,3.63,1.77,11.38,9.36
GTEX,39.83,1.84,7.46,5.77,8.12
GTEX,39.8,6.02,4.58,10.24,10.93
GTEX,39.77,1.77,1.76,14.73,13.6
GTEX,39.69,1.96,0,8.88,11.82
GTEX,39.63,7.07,15.09,4.66,7.42
GTEX,39.62,1.39,3.63,11.92,13.2
GTEX,39.59,3.63,2.98,8.29,12.4
GTEX,39.55,1.59,8.49,8.58,11.96
GTEX,39.49,8.6,14.33,6.36,3.23
GTEX,39.43,2.33,6.43,14.34,11.79
GTEX,39.41,1.94,2.33,10.64,15.2
GTEX,39.39,2.47,6.55,11.18,11
GTEX,39.39,1.73,0,13.22,15.17
GTEX,39.38,2.63,3.1,9.19,9.5
GTEX,39.31,1.84,5.31,8.96,8.86
GTEX,39.3,1.5,4.05,6.61,12.25
GTEX,39.21,1.19,7.7,9.86,11.2
GTEX,39.2,1.65,3.7,11.74,14.3
GTEX,39.11,1.65,3.67,9.03,10.11
GTEX,39.1,1.48,10.73,7.59,8.77
GTEX,39,2.46,4.32,12.09,13.59
GTEX,39,2.25,3.66,10,12.78
GTEX,38.96,2.56,10.8,7.72,7.63
GTEX,38.95,1.38,5.58,9.17,14.17
GTEX,38.82,3.27,12.68,7.29,10.68
GTEX,38.79,2.14,4.97,11.24,13.28
GTEX,38.76,4.93,7.81,9.69,12.41
GTEX,38.76,1,3.54,8.55,10.11
GTEX,38.72,2.56,8.44,6.44,10.15
GTEX,38.71,1.86,8.59,10.47,10.2
GTEX,38.7,2.34,5.83,8.63,13.44
GTEX,38.62,2.33,3.62,9.84,10.59
GTEX,38.55,0.98,6.39,9.82,13.19
GTEX,38.54,2.24,4.2,8.78,10.09
GTEX,38.54,2.05,1.81,9.88,13.06
GTEX,38.52,2.52,8.94,7.5,12.31
GTEX,38.42,3.71,14.01,7.76,12.18
GTEX,38.42,1.94,5.12,9.68,12.87
GTEX,38.38,1.82,7.32,10.58,11.01
GTEX,38.34,1.28,3.76,8.23,14.52
GTEX,38.31,4.36,10.8,9.2,10.26
GTEX,38.3,1.43,5.44,7.91,10.63
GTEX,38.29,2.31,8.83,8.27,10.95
GTEX,38.27,2.92,5.41,12.72,16.61
GTEX,38.22,2.82,8.66,6.97,8.89
GTEX,38.2,1.17,2.45,12.48,16.74
GTEX,38.18,2.45,3.53,11.65,12.54
GTEX,38.16,2.15,7.64,6.39,10.06
GTEX,38.13,0.58,5.61,13.8,14.51
GTEX,38.12,1.73,2.83,9.86,11.84
GTEX,38.11,4.64,9.02,12.17,12.75
GTEX,38.11,1.5,1.78,11.2,13.79
GTEX,38.05,1.44,6.6,11.95,13.84
GTEX,38.03,2.12,4.1,10.84,11.49
GTEX,38.02,1.78,4.55,6.93,11.49
GTEX,38.02,1.55,2.25,11.42,11.68
GTEX,38.01,1.94,3.78,12.01,18.13
GTEX,37.98,1.02,2.56,11.74,13.03
GTEX,37.92,2.05,3.18,11.17,11.42
GTEX,37.9,2.38,3.67,15.34,15.77
GTEX,37.89,4.22,5.81,8.31,9.45
GTEX,37.85,1.88,4.24,11.81,12.49
GTEX,37.83,1.05,2.46,9.71,13.78
GTEX,37.82,2.91,6.29,11.06,12.14
GTEX,37.77,4.08,8.8,9.23,11.14
GTEX,37.77,2.69,6.08,9.48,12.07
GTEX,37.66,1.69,4.81,8.23,12.46
GTEX,37.65,1.52,3.78,9.1,12.71
GTEX,37.65,1.27,6.04,8.34,14.12
GTEX,37.62,1.89,4.19,9.49,15.73
GTEX,37.57,1.47,4.82,11.88,11.01
GTEX,37.52,2.48,6.74,10.92,11.33
GTEX,37.51,3.13,9.35,14.04,14.33
GTEX,37.5,1.55,6.11,8.14,11.06
GTEX,37.46,1.95,7.26,10.73,13.65
GTEX,37.44,0.87,4.1,13.15,15.88
GTEX,37.42,1.91,1.99,8.15,15.41
GTEX,37.38,1.88,2.97,10.34,11.58
GTEX,37.37,2.94,4.55,13.88,11.76
GTEX,37.37,1.83,4.15,8.33,13.11
GTEX,37.18,2.17,5.08,11.11,13.25
GTEX,37.08,9.07,0,5.4,4.38
GTEX,37.08,2.15,8.11,9.84,14.55
GTEX,37.08,1.17,3.94,9.14,11.09
GTEX,37,2.77,6.16,12.02,11
GTEX,36.95,1.45,4.27,10.21,11.55
GTEX,36.83,2.32,7.77,9.69,12.52
GTEX,36.83,2.14,2.85,11.61,14.45
GTEX,36.83,1.73,12.15,8.29,10.15
GTEX,36.82,1.65,6.75,8.59,13.27
GTEX,36.75,1.22,1.17,9.83,14.61
GTEX,36.69,5.78,12.6,6.61,10.2
GTEX,36.68,3.11,4.92,11.45,14.66
GTEX,36.59,1.19,6.26,7.74,14.49
GTEX,36.58,1.67,3.19,8.69,11.44
GTEX,36.51,2.01,5.12,11.12,14.6
GTEX,36.47,3.18,14.6,3.48,5.57
GTEX,36.47,2.03,14.31,7.96,10.66
GTEX,36.45,1.7,5.96,8.35,8.97
GTEX,36.42,1.22,7.5,8.62,11.27
GTEX,36.41,0.71,6.07,11.51,15.27
GTEX,36.39,1.41,5.68,9.89,14.43
GTEX,36.38,1.99,4.17,12.18,12.53
GTEX,36.36,1.18,5.42,9.44,11.37
GTEX,36.35,2.73,4.52,10.55,12.49
GTEX,36.35,1,5.12,11.83,17.57
GTEX,36.34,1.84,8.24,10.45,12.82
GTEX,36.32,3.4,4.61,12.59,11.26
GTEX,36.31,3.04,6.37,13.46,13.89
GTEX,36.31,1.98,8.33,11.95,15.67
GTEX,36.29,1.82,9.9,9.57,10.63
GTEX,36.11,3.18,10.48,9.7,10.68
GTEX,36.1,2.84,11.15,9.1,9.68
GTEX,36.1,1.25,7.82,11.03,11.95
GTEX,36.03,4.57,10.89,9.99,9.73
GTEX,35.92,1.51,5.83,12.28,13.74
GTEX,35.85,3.37,6.1,9.84,15.05
GTEX,35.84,1.45,8.85,9.24,16.65
GTEX,35.79,1.89,8.41,8.55,12.08
GTEX,35.73,3.12,6.82,12.16,11.66
GTEX,35.69,1.68,5.37,9.92,11.28
GTEX,35.61,5.25,7.9,13.89,10.67
GTEX,35.6,5.79,3.32,9.92,12.99
GTEX,35.56,2.71,11.71,8.16,8.72
GTEX,35.56,2.07,7.36,8.84,13.9
GTEX,35.55,3.05,10.13,9.87,11.29
GTEX,35.55,3.03,6.07,9.45,11.61
GTEX,35.55,2.88,8.36,9.92,11.36
GTEX,35.51,3.79,10.88,11.37,11.32
GTEX,35.49,2.6,7.15,9.73,12.43
GTEX,35.49,1.33,12.25,6.07,9.71
GTEX,35.48,2.35,7.68,14.28,10.01
GTEX,35.47,1.13,8.9,10.86,16.27
GTEX,35.35,2.24,4.5,10.52,13.02
GTEX,35.34,2.03,9.94,7.96,11.58
GTEX,35.32,1.36,4.65,12.89,15.44
GTEX,35.3,2.68,9.36,9.99,13.19
GTEX,35.28,2.71,5.79,9.48,11.49
GTEX,35.27,1.86,4.52,10.6,10.8
GTEX,35.27,1.08,9.69,5.17,10.2
GTEX,35.26,1.75,6.78,7.96,12.28
GTEX,35.26,1.05,4.42,9.34,13.7
GTEX,35.24,3.39,6.93,10.48,9.94
GTEX,35.18,2.56,8.73,12.37,12.61
GTEX,35.17,2.08,11,11.66,9.67
GTEX,35.15,3.78,11.32,9.02,9.21
GTEX,35.09,1.3,13.32,9.26,8.62
GTEX,35.07,2.2,8.98,10.12,11.54
GTEX,35.03,1.37,8.31,8.4,13.71
GTEX,35.01,2.94,10.33,9.56,10.11
GTEX,34.98,3.71,10.76,7.98,7.01
GTEX,34.96,9.4,7.03,4.48,4.28
GTEX,34.96,2.61,6.85,9.92,13.74
GTEX,34.96,1.75,4.79,13.29,13.34
GTEX,34.92,1.03,11.02,8.7,14.3
GTEX,34.89,1.53,3.89,13.45,13.63
GTEX,34.87,0.97,4.57,7.79,12.29
GTEX,34.82,1.54,10.74,5.98,8.68
GTEX,34.77,1.83,5.89,8.23,13.88
GTEX,34.76,0.91,3.19,13.19,15.89
GTEX,34.74,2.47,4.46,12.05,14.36
GTEX,34.74,1.48,7.03,11.09,14.09
GTEX,34.73,3.03,6.02,8.46,12.01
GTEX,34.73,1.59,6.08,11.53,11.67
GTEX,34.7,1.37,8.04,9.82,11.88
GTEX,34.7,1.04,5.55,11.71,12.99
GTEX,34.64,1.6,0,11.73,12.49
GTEX,34.58,2.88,9.01,7.53,12.58
GTEX,34.54,2.23,4.97,11.77,12.98
GTEX,34.5,1.74,4.87,12.88,14.96
GTEX,34.49,1.42,8.3,11.52,12.77
GTEX,34.45,2,1.47,14.05,13.43
GTEX,34.32,3.06,10.61,8.74,11.17
GTEX,34.27,3.3,14.44,7.22,7.49
GTEX,34.2,3.61,7.46,11.81,14.04
GTEX,34.2,2.73,8.43,9.99,13.79
GTEX,34.19,1.25,4.22,9.62,12.46
GTEX,34.18,3.22,4.76,10.38,11.09
GTEX,34.18,2.1,9.48,9.79,8.3
GTEX,34.18,1.99,8.92,11.5,14.92
GTEX,34.12,1.47,4.65,11.66,13.04
GTEX,34.11,3.15,7.23,9.39,11.98
GTEX,34.11,2.2,5.49,9.9,13.28
GTEX,34.06,2.23,6.95,8.87,10.96
GTEX,33.99,1.94,7.48,10.56,15.09
GTEX,33.97,2.2,4.86,11.27,14.16
GTEX,33.95,3.47,6.71,11.52,12.38
GTEX,33.94,1.4,8.72,11.51,11.79
GTEX,33.93,1.18,9.19,10.46,10.94
GTEX,33.92,5.18,13.89,5.15,7.93
GTEX,33.85,2.33,15.39,7.43,10.77
GTEX,33.85,1.53,7.95,8.13,11.27
GTEX,33.84,2.67,8.71,11.28,12.07
GTEX,33.78,1.9,5.8,9.27,13.09
GTEX,33.7,3.99,10.37,10.9,7.39
GTEX,33.67,2.35,8.44,13.97,12.16
GTEX,33.65,3.73,7.88,7.2,12.21
GTEX,33.57,1.35,6.72,9.48,12.94
GTEX,33.56,5.9,5.23,13.98,13.15
GTEX,33.56,4.26,2.15,11.76,14.2
GTEX,33.54,0.72,5.41,10.58,11.59
GTEX,33.48,1.99,8.74,9.68,12.45
GTEX,33.47,1.22,5.97,10.45,13.11
GTEX,33.47,0.8,7.27,12.05,15.2
GTEX,33.45,2.28,4.52,12.76,12.79
GTEX,33.42,2.31,7.08,12.02,14.78
GTEX,33.41,1.02,9.27,9.4,13.5
GTEX,33.36,2.61,13.45,9.23,12.77
GTEX,33.36,1.61,9.6,8.92,11.84
GTEX,33.35,1.12,9.11,14.67,14.23
GTEX,33.26,1.07,7.42,9.74,16.63
GTEX,33.22,1.32,9.32,10.9,13.24
GTEX,33.21,1.61,3.84,16.68,16.67
GTEX,33.17,2.19,6.17,10.39,13.78
GTEX,33.17,1.79,9.6,14.55,13.63
GTEX,33.16,1.55,7.37,10.33,14.82
GTEX,33.12,3.44,8.51,12.21,11.96
GTEX,33.1,2.08,11.58,13.04,10.11
GTEX,33.07,2.35,8.15,11.3,13.7
GTEX,33.07,2.14,10.58,6.68,10.32
GTEX,33.06,5.45,21.28,7.09,10.02
GTEX,33.06,3.13,6.4,13.3,11.48
GTEX,32.99,1.83,7.9,9.08,14.41
GTEX,32.99,1.32,7.47,10.89,14.4
GTEX,32.97,2.21,13.73,10.75,10
GTEX,32.91,2.5,7.01,9.43,12.87
GTEX,32.88,2.14,4.2,12.01,12.25
GTEX,32.86,3.71,6.78,14.3,14.08
GTEX,32.85,1.36,7.71,13.5,13.56
GTEX,32.78,2.84,7.35,8.67,12.41
GTEX,32.77,4,8.37,9.47,11.18
GTEX,32.76,2.67,7.6,11.82,13.07
GTEX,32.76,1.84,3.31,14.46,15.29
GTEX,32.76,1.12,5.36,10.12,12.48
GTEX,32.75,2.29,8.33,8.91,7.66
GTEX,32.74,1.17,7.1,11.67,15.78
GTEX,32.73,2.48,8.42,10.47,12.52
GTEX,32.7,1.63,7.2,11.21,13.51
GTEX,32.7,1.6,7.87,10.41,15.15
GTEX,32.68,2.16,6.4,12.05,12.97
GTEX,32.64,3.78,9.93,10.1,9.63
GTEX,32.56,0.79,8.16,9.37,13.1
GTEX,32.55,2.93,10.6,10.84,9.71
GTEX,32.55,1.95,3.76,12.44,14.51
GTEX,32.54,2.68,7.42,10.93,12.76
GTEX,32.54,2.66,6.95,11.86,12.83
GTEX,32.54,1.56,8.02,9.11,13.87
GTEX,32.53,2.91,12.02,10.61,10.31
GTEX,32.53,1.02,3.5,11.73,12.9
GTEX,32.5,3.03,8.4,10.29,14.04
GTEX,32.49,1.46,6.33,9.36,15.48
GTEX,32.46,3.77,11.68,8.18,10.29
GTEX,32.43,5.9,19.8,5.54,3.64
GTEX,32.37,3.85,11.12,8.94,6.08
GTEX,32.37,2.77,7.41,10.63,13.43
GTEX,32.34,2.59,14.2,8.78,10.7
GTEX,32.33,1.42,7.17,12.69,14.38
GTEX,32.3,1.81,4.33,10.66,12.41
GTEX,32.29,3.79,9.67,11.36,9.57
GTEX,32.25,0.8,8.48,11.19,13.39
GTEX,32.2,2.7,8.71,13.22,11.73
GTEX,32.18,2.27,11.6,11.45,12.43
GTEX,32.17,4.01,17.57,4.32,7.25
GTEX,32.17,2.82,7.59,10.29,11.39
GTEX,32.15,2.73,8.19,9.82,13.92
GTEX,32.14,1.5,5.88,8.16,12.62
GTEX,32.09,3.22,10.78,9.37,13.24
GTEX,32.09,1.6,15.45,8.86,14.29
GTEX,32.04,1.99,11.53,7.74,10.05
GTEX,32.02,2.31,11.16,9,13.46
GTEX,31.94,1.15,11.63,9.61,11.12
GTEX,31.92,1.05,4.52,11.61,18.95
GTEX,31.91,1.23,10.65,9.62,11.65
GTEX,31.9,2.96,11.84,9.24,12.01
GTEX,31.88,2.46,8.22,10.44,12.9
GTEX,31.88,1.6,7.14,9.08,12.98
GTEX,31.84,2.9,11.12,8.62,14.32
GTEX,31.84,1.44,7.16,8.02,14.26
GTEX,31.78,3.88,5.93,11.12,11.31
GTEX,31.73,2.31,6.62,13.9,11.27
GTEX,31.71,1.46,6.06,11.45,14.47
GTEX,31.7,1.87,4.52,12.43,12.55
GTEX,31.62,1.59,8.06,10.72,13.41
GTEX,31.6,2.3,9.95,9.99,9.43
GTEX,31.58,1.77,6.72,9.73,9.92
GTEX,31.54,2.03,9.23,9.72,11.37
GTEX,31.5,6.14,8.7,8.41,9.34
GTEX,31.5,1.61,8.74,8.52,14.65
GTEX,31.47,2,8.93,11.71,14.07
GTEX,31.42,2.13,8.98,11.53,10.55
GTEX,31.39,2.8,10.87,11.78,14.74
GTEX,31.37,1.91,8.93,9.11,9.9
GTEX,31.26,2.3,7.53,10.89,12.48
GTEX,31.26,2.14,12.86,6.3,9.24
GTEX,31.24,2.28,8.85,11.27,15.31
GTEX,31.04,2.27,13.68,10.5,12.9
GTEX,31.04,2.11,10.46,9.68,13.91
GTEX,31.02,2.98,13.15,9.79,11.15
GTEX,30.85,2.3,10.46,8.9,11.11
GTEX,30.83,6.58,14.95,8.01,4.2
GTEX,30.83,2.3,5.24,11.5,14.45
GTEX,30.77,1.2,9.5,13.5,12.5
GTEX,30.75,6.15,17.94,4.72,11.03
GTEX,30.73,1.49,6.34,9.23,13.45
GTEX,30.69,1.41,11.92,9.78,12.61
GTEX,30.61,1.77,11.39,7.82,10.23
GTEX,30.52,3.85,12.03,11.34,12.7
GTEX,30.45,1.66,11.4,8.58,9.96
GTEX,30.34,1.81,7.19,10.74,15.17
GTEX,30.34,1.16,9.48,11.14,15.09
GTEX,30.26,1.3,3.72,11.99,14.35
GTEX,30.25,0.79,8.37,11.63,15.65
GTEX,30.23,2.64,5.53,10.07,14.34
GTEX,30.23,2.51,10.79,7.64,12.08
GTEX,30.22,4.3,14.41,10.01,8.09
GTEX,30.2,2.03,15.88,8.39,13.13
GTEX,30.15,3.7,9.4,5.99,7.82
GTEX,30.13,1.98,7.99,10.89,14.78
GTEX,30.12,1.61,11.62,9.24,12.1
GTEX,30.03,1.56,10.01,10.76,10.91
GTEX,29.98,2.5,9.22,10.66,13.07
GTEX,29.94,1.33,12.34,8.28,5.18
GTEX,29.84,2.55,6,10.94,12.49
GTEX,29.84,1.87,11.37,11.45,11
GTEX,29.74,1.75,8.53,12.1,14.46
GTEX,29.58,2.4,8.39,13.18,12.27
GTEX,29.54,2.54,8.73,11.25,14
GTEX,29.5,4.9,19.24,9.2,9.01
GTEX,29.47,2.03,9.3,11.56,14.38
GTEX,29.46,1.51,8.97,11.47,12.53
GTEX,29.42,1.48,14.57,9.35,16.45
GTEX,29.37,3.33,9.46,10.84,11.96
GTEX,29.37,2.65,9.8,11.78,10.76
GTEX,29.21,2.9,5.85,13.45,16.68
GTEX,29.08,2.86,11.13,9.78,14.64
GTEX,29,4.69,3.99,12.58,10.62
GTEX,28.85,3.69,12.02,8.62,9.82
GTEX,28.82,1.79,6.76,8.09,13.8
GTEX,28.8,1.53,8.48,12.9,13.81
GTEX,28.77,2,13.4,8.76,10.6
GTEX,28.7,2.04,14.12,13.91,12.77
GTEX,28.55,3.08,13.1,10.86,13.79
GTEX,28.49,2.3,11.98,10.75,12.87
GTEX,28.48,2.49,13.06,9.35,12.21
GTEX,28.44,1.93,16.94,12.69,10.24
GTEX,28.43,3.6,11.13,10.73,10.89
GTEX,28.33,4.63,11.41,9.85,14.06
GTEX,28.1,2.14,6.12,12.91,16.36
GTEX,28,2.33,9.49,10.31,12.87
GTEX,27.94,1.54,11.69,12.85,9.29
GTEX,27.76,3.67,15.21,10.34,13.26
GTEX,27.64,2.52,11.72,10.68,13.41
GTEX,27.62,2.23,9.9,11.8,11.78
GTEX,27.62,2.15,10.47,9.23,15.97
GTEX,27.61,5.44,13.79,9.06,11.54
GTEX,27.47,1.7,11.17,12.91,18.14
GTEX,27.36,2.93,15.12,11.1,8.28
GTEX,27.24,1.7,10.62,11.69,11.8
GTEX,27.17,1.38,8.89,14.56,11.44
GTEX,27.06,4.99,26.13,6.82,13.42
GTEX,26.98,2.91,18.04,10.2,12.11
GTEX,26.96,4.56,14.35,13.04,21
GTEX,26.91,3.8,12.64,12.67,13.88
GTEX,26.81,1.21,12.52,12.73,13.06
GTEX,26.73,4.19,11.09,10.44,13.01
GTEX,26.66,2.02,15.35,13.62,11.34
GTEX,26.62,1.75,10.34,11.24,13.74
GTEX,26.56,0.72,10.77,13.48,18.46
GTEX,26.51,2.58,10.21,8.1,13.79
GTEX,26.5,2.8,10.9,12.38,13.02
GTEX,26.33,3.9,18.13,12.02,10.73
GTEX,26.29,2.53,13.2,13.24,13.94
GTEX,26.15,1.97,19.37,10.69,12.48
GTEX,26.12,2.97,14.1,7.53,14.76
GTEX,25.98,2.29,16.26,6.89,15.21
GTEX,25.94,3.35,10.9,6.2,11.93
GTEX,25.89,1.96,11.66,9.83,14.04
GTEX,25.59,1.94,23.32,8.38,13.58
GTEX,25.43,2.75,19.08,10.5,12.76
GTEX,25.4,1.87,11.77,10.11,13.43
GTEX,25.39,4.61,11.27,12.31,12.16
GTEX,25.36,4.61,16.81,9.97,12.19
GTEX,25.36,2.61,14.97,11.05,12.63
GTEX,25.09,2.95,12.27,10.13,14.2
GTEX,25.07,1.52,10.71,10.43,12.69
GTEX,24.98,2.19,11.71,10.97,14.23
GTEX,24.71,2.51,17.84,9.06,11.58
GTEX,24.52,2.5,16.31,14.11,11.82
GTEX,24.45,1.24,14.84,13.96,14.9
GTEX,24.31,2.73,14.72,10.93,11.31
GTEX,24.17,3.46,14.27,12.16,8.75
GTEX,23.73,2.08,11.44,12.65,11.75
GTEX,23.67,2.97,15.74,10.04,11.66
GTEX,23.6,4.51,23.12,9.73,8.45
GTEX,23.59,2.73,12.55,11.11,12.46
GTEX,23.52,2.73,13.57,13.43,10.44
GTEX,23.18,3.42,13.84,11.66,11.74
GTEX,22.6,2.75,21.2,9.34,12.4
GTEX,22.38,2.04,13.3,12.06,14
GTEX,22.38,1.65,16.2,10.07,10.71
GTEX,22.27,2.58,12.82,12.96,13.12
GTEX,22.21,3.02,17.6,14.57,14.4
GTEX,22.05,3.49,17.35,11.96,11.32
GTEX,22.02,1.29,16.85,9.49,10.5
GTEX,21.79,2.56,13.8,10.74,14.89
GTEX,21.3,1.32,18.77,10.65,8.19
GTEX,21.05,2.22,18.55,11.04,12.65
GTEX,20.87,2.81,14.24,12.85,10.87
GTEX,20.83,2.74,21.52,14.07,11.24
GTEX,20.71,2.32,17.38,10.73,11.09
GTEX,20.63,2.14,18.7,9.71,9.34
GTEX,20.52,2.18,19.62,12.05,12.46
GTEX,19.97,1.92,16.25,11.9,11.58
GTEX,18.77,4.38,17.14,10.58,12.22
GTEX,18.28,5.82,21.26,9.48,16.58
GTEX,18.15,1.7,39.72,4.58,3.93
GTEX,17.39,2.75,22.01,5.86,14.3
GTEX,16.9,4.49,28.16,9.21,9.91
GTEX,16.67,3.41,19.47,13.36,10.3
GTEX,15.24,5.79,24,9.29,9.82
GTEX,14.32,2.83,25.59,8.55,9.16
GTEX,13.83,0.88,22.58,12.05,11.45
GTEX,12.94,2.82,23.88,10.67,9.98
GTEX,8.1,2.24,31.91,10.87,10.39
GTEX,84.6,5.21,3.97,1.03,0.18
GTEX,71.15,16.48,9.29,0.99,0.33
GTEX,70.41,17.59,6.97,0.39,0.14
GTEX,66.88,5.76,6.81,1.02,2.76
GTEX,66.48,13.41,12.3,0,0
GTEX,64.71,2.89,1.19,8.84,7.06
GTEX,64.34,4.99,3.68,7.06,7.77
GTEX,64.16,3.19,3.02,2.1,2.68
GTEX,62.06,9.58,9.67,1.11,3.49
GTEX,61.05,9.16,4.32,1.49,3.68
GTEX,60.54,3.82,5.42,4.04,6.42
GTEX,60.25,8.39,8.39,0,2.5
GTEX,59.42,29.35,7.93,0.92,0.43
GTEX,59.42,10.33,1.76,4.24,5.22
GTEX,59.18,4.7,8.84,1.53,6.1
GTEX,59.03,3.21,6.5,2.25,5.85
GTEX,58.73,10.44,1.91,2.98,5.74
GTEX,58.59,8.07,0,4.89,7.34
GTEX,57.91,10.8,1.87,4.96,6.3
GTEX,57.89,5.32,1.06,10.1,10.95
GTEX,57.89,4.59,2.23,7.51,10.1
GTEX,57.84,8.03,2.28,1.78,4.07
GTEX,57.75,3.53,5.31,5,8.43
GTEX,57.71,6.03,4.71,8.24,4.04
GTEX,57.7,6.26,2.98,3.18,8.85
GTEX,57.66,4.79,7,4.35,5.85
GTEX,57.65,5.47,0,7.39,9.92
GTEX,57.65,2.57,0.77,4.78,9.54
GTEX,57.55,4,2.4,6.64,12.2
GTEX,57.53,4.73,2.95,8.79,11.66
GTEX,57.4,5.16,0,4.13,6.6
GTEX,57.13,5.41,0.81,3.87,6.46
GTEX,57.04,4.7,9.14,4.34,7.37
GTEX,56.75,6.28,2.65,5.14,5.71
GTEX,56.7,6.62,6.1,4.05,6.22
GTEX,56.35,3.66,2.74,9.13,10.14
GTEX,55.95,8.56,2.24,6.45,6.35
GTEX,55.92,5.63,4.02,6.53,9.5
GTEX,55.74,4.8,0.96,5.56,9.25
GTEX,55.54,3.71,2.54,9.75,8.24
GTEX,55.46,6.54,1.98,4.02,6.86
GTEX,55.46,5.39,0.73,5.87,9.08
GTEX,55.23,16.53,2.93,1.55,3.48
GTEX,55.15,3.24,0.61,7.12,9.03
GTEX,55.14,5.01,5.61,6.82,7.32
GTEX,55.07,2.7,1.06,7.22,9.18
GTEX,54.94,2.54,0,9.3,11.99
GTEX,54.61,5.4,1.51,12.63,6.59
GTEX,54.49,5.01,1.99,4.88,6.52
GTEX,54.23,6.68,5.18,7.28,7.88
GTEX,54.2,7.25,6.27,7.86,11.69
GTEX,54.15,5.69,8.48,3.33,4.7
GTEX,54.09,6.47,3.02,3.45,7.46
GTEX,53.85,3.9,2.64,8.09,9.61
GTEX,53.82,3.38,2.45,9.19,8.84
GTEX,53.76,4.99,1.66,6.7,7.13
GTEX,53.73,3.34,0.85,6.81,7.67
GTEX,53.47,3.62,0.89,7.99,8.92
GTEX,53.46,13.4,0,3.23,3.51
GTEX,53.2,9.85,2.85,4.4,7.3
GTEX,53,11.29,1.95,5.53,5.77
GTEX,52.96,4.52,2.61,7.29,9.26
GTEX,52.9,6.42,2.08,4.86,7.03
GTEX,52.87,6.79,3.95,7.89,8.89
GTEX,52.86,13.05,1.93,3.47,2.84
GTEX,52.8,6.18,1.61,5.63,7.01
GTEX,52.75,4.68,6.85,5.58,6.5
GTEX,52.67,2.43,1.5,8.15,14.16
GTEX,52.6,7.8,1.2,5.27,7.38
GTEX,52.6,3.91,2.28,7.44,7.94
GTEX,52.53,7.9,4.15,4.35,10.63
GTEX,52.51,3.08,1.71,4.41,10.25
GTEX,52.39,3.82,4.16,8.81,11.47
GTEX,52.37,6.06,0.02,4.45,7.7
GTEX,52.31,13.11,2.57,2.95,5.1
GTEX,52.25,5.13,10.78,6.04,5.3
GTEX,52.22,3.25,2.57,5.4,9.86
GTEX,52.1,6.35,4.07,4.08,5.68
GTEX,52.03,13.62,3.24,7.09,2.67
GTEX,52,3.64,0,7.75,9.24
GTEX,51.92,5.73,2.68,6.7,8.8
GTEX,51.91,6.59,2.14,9.99,12.44
GTEX,51.88,3.72,3.68,7.19,9.85
GTEX,51.83,25.13,4,2.6,3.92
GTEX,51.79,3.88,1.21,6.92,10.6
GTEX,51.73,4.52,0.87,4.27,7.65
GTEX,51.72,5.53,1.74,5.27,9.8
GTEX,51.62,7.28,3.63,6.13,7.05
GTEX,51.61,6.5,1.75,4.58,7.33
GTEX,51.53,5.24,9.88,4.83,4.1
GTEX,51.51,3.87,2.99,3.99,12.38
GTEX,51.49,8.19,3.61,8.36,8.26
GTEX,51.46,12.71,2.1,4.04,3.17
GTEX,51.45,3.66,3.05,3.87,9.4
GTEX,51.42,4.96,6.39,6.98,9.35
GTEX,51.32,2.96,0.92,7.24,11.26
GTEX,51.3,3.13,4.13,4.72,8.46
GTEX,51.23,3.95,2.93,8.08,8.02
GTEX,51.22,8.04,2.25,6.16,8.38
GTEX,51.19,2.06,2.57,3.8,7.91
GTEX,51.05,4.65,1.46,5.86,10.01
GTEX,51,4.54,3.59,7.7,9.53
GTEX,50.97,14.53,1.52,4.75,5.36
GTEX,50.97,4.84,0.71,7.82,10.86
GTEX,50.97,3.03,2.23,10.44,12.97
GTEX,50.93,5.93,3.15,8.42,8.12
GTEX,50.84,6.94,2.17,5.44,7.04
GTEX,50.81,3.96,3.48,4.45,8.38
GTEX,50.75,3.55,0.8,6.41,10.38
GTEX,50.72,3.11,1.3,9.67,11.96
GTEX,50.71,6.26,4.1,6.05,9.51
GTEX,50.64,3.28,3.96,6.98,10.87
GTEX,50.54,9.82,11.82,3.43,3.82
GTEX,50.43,8.5,1.08,4.56,5.43
GTEX,50.42,2.61,0.96,5.42,9.12
GTEX,50.34,2.92,2.19,5.04,12.57
GTEX,50.32,2.25,7.48,3.57,8.14
GTEX,50.24,3.71,3.61,6.27,11.5
GTEX,50.15,4.51,5.49,5.18,6.85
GTEX,50.05,2.03,4,9.05,8.92
GTEX,49.99,3.6,2.38,8.08,8.77
GTEX,49.95,3.5,2.18,6.63,10.36
GTEX,49.85,4.31,0,8.09,13.54
GTEX,49.69,5.64,2.19,9.19,11.18
GTEX,49.68,4.03,7.09,3.87,6.99
GTEX,49.66,4.27,10.97,4.78,5.42
GTEX,49.42,8.35,2.48,4.7,9.69
GTEX,49.42,5.33,5.88,6.88,8.97
GTEX,49.35,3.69,2.4,8.74,6.98
GTEX,49.34,3.7,1.91,5.03,9.89
GTEX,49.31,3.27,1.41,6.04,8.29
GTEX,49.24,18.31,4.1,1.58,1.54
GTEX,49.19,3.54,2.32,7.42,10.76
GTEX,49.15,5.97,1.28,4.16,7.85
GTEX,48.86,5.07,7.65,5.53,7.4
GTEX,48.84,8.17,1.97,6.2,8.04
GTEX,48.82,1.86,1.45,9.92,14.07
GTEX,48.77,6.2,3.59,6.06,9.69
GTEX,48.75,2.76,1.11,10.26,10.97
GTEX,48.64,2.9,2.81,6.22,13.09
GTEX,48.63,2.81,1.83,8.93,10.55
GTEX,48.58,17.67,2.91,4.31,2.98
GTEX,48.58,5.93,6.96,7.24,9.35
GTEX,48.51,3.08,4.43,7.01,12.29
GTEX,48.5,8.86,1.91,5.9,9.07
GTEX,48.46,8.66,2.07,7.15,9.83
GTEX,48.43,4.04,2.08,5.18,8.43
GTEX,48.42,7.86,3.37,3.4,6.08
GTEX,48.39,17.43,3.37,3.91,3.56
GTEX,48.34,3.34,1.86,4.91,12.91
GTEX,48.27,15.03,3.04,5.41,4.47
GTEX,48.26,3.19,1.74,7.57,9.73
GTEX,48.23,11.47,3.54,7.48,8.88
GTEX,48.19,3.26,7.14,7.47,8.43
GTEX,48.13,20.06,2.86,4.09,3.9
GTEX,48.05,2.94,0,6.57,12.61
GTEX,47.99,9.7,2.02,5.8,7
GTEX,47.99,4.12,2.28,5.86,8.72
GTEX,47.92,2.9,2.18,8.47,11.72
GTEX,47.86,5.5,6.95,11.39,12.22
GTEX,47.76,4.22,8.3,7.05,9.99
GTEX,47.73,4.49,3.83,10.93,12.76
GTEX,47.7,3.66,6.55,4.65,8.84
GTEX,47.62,7.26,8.39,6.53,7.61
GTEX,47.36,6.1,4.9,8.2,9.69
GTEX,47.36,4.47,5.93,2.81,7.17
GTEX,47.29,3.23,4.83,6.21,10.86
GTEX,47.26,3.8,0.93,7.7,11.1
GTEX,47.2,3.96,4.29,6.89,14.1
GTEX,47.18,3.31,4.95,6.77,7.99
GTEX,47.16,7.26,7.84,4.07,4.47
GTEX,47.16,3.44,8.9,8,7.06
GTEX,47.09,12.46,2.21,5.69,8.27
GTEX,46.96,5.48,0.77,5.95,6.15
GTEX,46.93,9.24,4.21,2.67,3.18
GTEX,46.93,5.12,7.81,6.83,4.4
GTEX,46.93,1.61,3.01,10.97,10.72
GTEX,46.84,5.21,7.19,9.18,7.16
GTEX,46.79,5.47,2.38,10.57,12.41
GTEX,46.78,3.46,1.32,8.43,9.63
GTEX,46.68,3.46,2.42,7.23,9.83
GTEX,46.65,3.02,4.86,9.49,9.77
GTEX,46.53,3.22,4.3,9.07,8.74
GTEX,46.48,7.78,8.47,7.6,8.59
GTEX,46.48,5.11,4.71,8.74,9.5
GTEX,46.4,5.81,9.49,7.93,9.15
GTEX,46.4,4.45,8.04,5.82,11.51
GTEX,46.32,7.27,4.07,9.95,12.45
GTEX,46.25,4.15,3.2,7.06,11.54
GTEX,46.22,3.22,1.85,8.57,11.58
GTEX,46.13,4.97,2.48,9.45,13.72
GTEX,46.08,7.35,4.68,7.62,12.62
GTEX,45.97,3.69,8.35,9.09,8.59
GTEX,45.95,5.01,6.14,5.05,7.89
GTEX,45.93,20.36,4.61,3.17,3.88
GTEX,45.82,3.75,0,7.29,13.39
GTEX,45.78,7.85,8.01,7.44,9.06
GTEX,45.68,6.35,10.78,4.46,6.96
GTEX,45.54,8.67,3.03,8.2,9.19
GTEX,45.37,6.1,2.63,16.77,13.56
GTEX,45.33,15.55,2.52,4.61,7.87
GTEX,45.2,1.97,3.08,9.25,9.67
GTEX,45.16,3.05,4.84,9.2,11.69
GTEX,45.15,2.63,6.87,7.38,9.84
GTEX,45.07,10.02,7.14,2.85,7.57
GTEX,44.97,18.66,4.82,6.13,2.72
GTEX,44.87,5.24,2.81,9.1,9.12
GTEX,44.8,5.95,3,8.11,9.48
GTEX,44.75,8.5,10.89,6.18,6.88
GTEX,44.72,5.16,10.14,5.46,6.95
GTEX,44.64,20.56,3.93,6.38,4.87
GTEX,44.64,12.86,1.33,5.41,6.45
GTEX,44.57,2.5,0.67,7.69,13.29
GTEX,44.48,23.74,0.79,4.16,3.41
GTEX,44.48,3.08,2.92,10.57,11.17
GTEX,44.37,3.96,3.51,5.81,10.17
GTEX,44.11,4.93,13.32,5.06,4.99
GTEX,44.09,6.28,9.19,6.88,7.92
GTEX,43.9,5.15,3.89,6,9.75
GTEX,43.88,4.4,9.14,6.01,6.94
GTEX,43.76,2.32,2.51,8.34,13.25
GTEX,43.51,4.13,3.48,8.57,10.67
GTEX,43.46,5.84,5.95,9.86,8.76
GTEX,43.34,3.65,11.95,3.23,6.37
GTEX,43.32,4.16,8.96,5.78,10.63
GTEX,43.29,17.88,2.1,7.69,3.84
GTEX,43.14,4.99,10.47,5.13,8.23
GTEX,43.03,8.54,4.62,10.59,10.52
GTEX,42.84,8.78,1.05,10.28,14.33
GTEX,42.78,3.46,2.44,13.26,9.94
GTEX,42.61,5.32,6.48,8.87,10.7
GTEX,42.6,5.17,12.14,4.39,7.59
GTEX,42.6,5.01,2.49,5.89,8.18
GTEX,42.59,3.66,8,13.96,13.89
GTEX,42.49,9.51,10.75,7.97,10.89
GTEX,42.31,5.86,2.86,11.24,13.02
GTEX,42.31,3.4,7.73,10.87,9.25
GTEX,42.27,8.38,4.5,8.81,7.35
GTEX,41.81,12.22,3,4.45,6.07
GTEX,41.8,5.15,6.4,9.45,14.96
GTEX,41.67,4.07,1.82,10.07,10.43
GTEX,41.38,11.72,5.52,6.06,5.91
GTEX,40.96,5.49,11.42,8.52,9.99
GTEX,40.9,4.84,6.16,7.04,8.37
GTEX,40.43,5.62,8.23,5.84,7.55
GTEX,40.37,8.19,3.79,8.1,9.58
GTEX,40.23,1.71,4.92,7.73,12.54
GTEX,39.71,13.53,6,5.12,7.6
GTEX,39.32,25.75,5.88,5.49,4.05
GTEX,38.66,4.31,11.08,9.64,8.53
GTEX,38.55,5.05,6.39,8.65,9.32
GTEX,37.66,6.55,5.12,10.93,12.25
GTEX,37.35,4.94,8.4,8.39,10.37
GTEX,35.62,3.4,11.36,13.15,10.15
GTEX,35.29,3.47,18.48,5.4,9.4
GTEX,30.86,7.52,13.54,8.32,9.33
TCGA,68.77,9.25,2.98,3.53,3.41
TCGA,87.24,7.41,0,1.02,0.99
TCGA,87.11,5.41,3.81,0.42,0.82
TCGA,86.02,5.86,5.31,0.28,0.08
TCGA,85.9,9.12,2.98,1,0.21
TCGA,83.66,9.17,4.44,0.84,0
TCGA,82.45,7.51,7.39,1.08,0
TCGA,82.3,8.56,2.97,1.29,1.24
TCGA,81.77,8.55,4.62,2.59,1.52
TCGA,81.52,12.68,3.33,1.68,0.36
TCGA,81.03,4.83,1.69,2.45,3.22
TCGA,80.94,7,0,3.06,2.24
TCGA,80.92,6.65,5,0.73,1.29
TCGA,80.9,10.78,2.22,1.52,1.19
TCGA,80.86,4.78,1.95,1.39,3.89
TCGA,80.77,7.93,2.48,3.1,1.23
TCGA,80.46,4.03,6.57,3.37,1.37
TCGA,79.46,10.36,4.66,0.34,1.14
TCGA,79.18,9.43,5.53,2.18,0.93
TCGA,79.01,10.66,4.89,1.26,0
TCGA,78.69,5.27,7.16,1.61,0.72
TCGA,78.67,12.79,5.19,1.28,0
TCGA,78.23,11.2,5.46,1.7,0.53
TCGA,78.14,2.51,0,2.85,2.98
TCGA,77.72,12.96,4.53,1.86,0.73
TCGA,77.1,10.48,3.66,3.23,1.41
TCGA,77.07,6.3,0.77,3,1.83
TCGA,76.94,6.36,3.86,2.28,0.7
TCGA,76.39,13.64,3.9,1.99,0.72
TCGA,76.38,4.56,9.71,1.22,1.44
TCGA,76.07,4.72,3.99,1.68,2.11
TCGA,75.74,11.91,5.28,0,0
TCGA,75.32,13.04,2.6,2.52,2.48
TCGA,75.3,4.47,6.46,2.52,1.94
TCGA,75.07,7.74,6.92,3.88,1.45
TCGA,74.91,7.94,3.52,2.2,1.93
TCGA,74.89,15.76,2.53,1.69,0.44
TCGA,74.61,9.5,0,2.98,3.45
TCGA,74.6,11.97,5.85,1.27,1.51
TCGA,74.5,8.2,3.42,1.89,3.65
TCGA,74.33,15.81,5.88,1.03,0.45
TCGA,74.16,14.85,3.13,3.09,0.91
TCGA,74,11.28,6.44,3.96,0.8
TCGA,73.99,9.11,7.49,1.99,0.97
TCGA,73.97,9.76,5.45,3.17,1.08
TCGA,73.91,7.38,3.81,1.64,1.33
TCGA,73.77,7.58,5.43,2.37,2.01
TCGA,73.48,14.8,4.51,0.91,1.28
TCGA,73.41,2.58,7.35,2.11,0.58
TCGA,73.37,6.56,2.43,3.04,3.46
TCGA,73.25,6.17,4.18,2.74,3.33
TCGA,73.06,15.04,2.13,3.25,1.89
TCGA,73.04,15.17,3.82,3.01,1.81
TCGA,72.93,6.97,8.9,2.06,3.15
TCGA,72.69,9.52,6.35,2.79,1.44
TCGA,72.42,11.31,5.44,1.77,2.36
TCGA,72.38,16.49,3.59,2.86,0.2
TCGA,72.38,4.24,3.95,2.82,2
TCGA,72.28,7.5,10.67,2.52,1.52
TCGA,72.22,13.92,7.7,1.16,0.77
TCGA,72.18,14.62,1.12,3.97,1.8
TCGA,72.06,9.37,4.44,3.54,1.85
TCGA,71.99,9.34,2.45,5.26,3.54
TCGA,71.94,12.75,7.13,1.84,1.2
TCGA,71.82,8.93,5.35,3.65,2.85
TCGA,71.74,9.05,6.45,1.32,2.75
TCGA,71.66,4.08,7.68,1.59,2.73
TCGA,71.6,17.98,3.88,3.5,1.04
TCGA,71.19,6.92,5.75,1.38,1.63
TCGA,71.18,11.07,3.17,3.36,1.44
TCGA,71.12,12.45,3.27,1.95,3.16
TCGA,71.09,11.48,14.2,1.45,0
TCGA,71,9.5,7.08,2.6,1.9
TCGA,70.99,11.32,3.8,0,2.85
TCGA,70.84,6.02,3.72,1.62,3.97
TCGA,70.73,7.14,4.55,2.08,2.82
TCGA,70.58,7.4,2.7,3.35,4.43
TCGA,70.54,11.36,7.96,3,3.63
TCGA,70.54,10.82,6.14,2.76,2.21
TCGA,70.52,12.5,4.97,4.33,2.01
TCGA,70.38,12.35,14.19,0,0
TCGA,70.38,10.52,5.57,3.12,1.93
TCGA,70.22,10.88,7.76,3.43,1.34
TCGA,70.18,11.76,4.26,1.8,1.32
TCGA,70.16,10.96,7.28,2.38,2.56
TCGA,70.16,9,6.88,2.27,0.56
TCGA,70.14,13.21,6.28,0,1.57
TCGA,70.11,7.98,5.12,1.69,2.68
TCGA,70.07,10.13,17.08,1.81,0.08
TCGA,70.06,14.08,4.65,0.64,1.9
TCGA,70.05,10.42,6.42,3.92,2
TCGA,69.88,8.08,6.17,2.16,1.65
TCGA,69.64,8.42,8.56,2.65,2.49
TCGA,69.62,11.2,13.34,1.54,0
TCGA,69.61,7.67,4.67,3.19,4.59
TCGA,69.59,5.07,2.6,3.14,2.53
TCGA,69.55,6.29,7.98,4.93,3.14
TCGA,69.41,9.24,0.59,1.77,2.91
TCGA,69.35,22.71,2.47,1.71,1.55
TCGA,69.33,7.13,4.09,3.46,3.36
TCGA,69.32,14.38,3.47,5.65,2.15
TCGA,69.32,8.1,8.39,2.39,2.45
TCGA,69.06,10.95,1.92,4.86,4.19
TCGA,69.04,10.18,6.62,2.45,4.5
TCGA,68.9,18.76,6.43,3.01,0.6
TCGA,68.68,7.69,6.46,6.67,2.68
TCGA,68.66,12.22,4.17,3.73,1.24
TCGA,68.65,15.88,1.42,4.98,3.03
TCGA,68.51,23.79,5.04,1.4,0.17
TCGA,68.39,17.69,4.99,3.06,0.95
TCGA,68.2,11.82,4.45,3.62,3.19
TCGA,68.18,8.68,3.24,3.89,2.84
TCGA,68.08,15.09,6.61,2.51,1.23
TCGA,67.99,9.36,0,5.36,2.27
TCGA,67.9,9.93,4.32,3.27,2.47
TCGA,67.85,12.43,3.49,3.26,3.99
TCGA,67.8,10.01,4.79,4.06,3.05
TCGA,67.77,12.24,6.43,3.12,1.74
TCGA,67.7,18.75,5.65,0,0.43
TCGA,67.51,14.11,6.25,2.66,1.99
TCGA,67.28,6.15,2.84,4.93,4.53
TCGA,67.27,15.91,6.32,0,0.42
TCGA,67.16,11.02,4.45,2.35,3.73
TCGA,67.07,10.36,5.52,3.88,1.45
TCGA,67.03,10.79,7.52,3.88,1.67
TCGA,66.99,12.98,9.08,2.66,0.98
TCGA,66.8,7.78,4.35,2.78,3.58
TCGA,66.79,7.86,3.9,3.11,1.88
TCGA,66.77,9.76,3.61,3.24,2.44
TCGA,66.7,20.08,4.88,3.05,1.56
TCGA,66.66,6.28,15.57,4.29,0.27
TCGA,66.4,11.73,5.14,3.1,2.85
TCGA,66.39,11.2,10.23,3.21,1.53
TCGA,66.35,10.65,3.64,4.7,3.43
TCGA,66.35,5.15,3.76,0.34,1.12
TCGA,66.23,4.74,6.56,3.05,4.37
TCGA,66.2,12.45,1.91,3.09,5.62
TCGA,66.2,8.24,6.64,4.54,3.11
TCGA,66.05,4.78,2.9,5.83,7.45
TCGA,66,16.91,3.54,3.78,0.13
TCGA,65.82,15.82,7.1,2.98,1.74
TCGA,65.79,9.55,8.68,6.4,3.83
TCGA,65.75,5.6,1.41,5.56,4.87
TCGA,65.65,18.56,8.14,2.43,0.48
TCGA,65.55,4.51,0,3.79,3.98
TCGA,65.41,9.38,7.45,6.4,3.07
TCGA,65.28,4.88,12.88,4.77,3.4
TCGA,65.26,13.35,6.81,1.62,1.57
TCGA,65.19,13.09,17.08,0.52,0.69
TCGA,65.11,15.44,4.33,1.62,3.35
TCGA,64.97,13.43,2.87,4.67,4.31
TCGA,64.97,10.83,2.71,3.63,4.74
TCGA,64.96,14.6,4.95,4.39,2.58
TCGA,64.76,12.33,8.39,4.62,1.74
TCGA,64.65,12.1,3.51,5.67,2.53
TCGA,64.59,11.19,3.63,0.78,1.6
TCGA,64.51,11.3,6.43,3.26,3.63
TCGA,64.5,10.23,5.85,3.6,3.33
TCGA,64.43,12.43,1.85,3.9,5.31
TCGA,64.42,9.02,6.15,4.43,2.47
TCGA,64.27,8.06,1.93,5.58,4.38
TCGA,64.22,15.81,5.99,0.75,2.3
TCGA,64.1,18.2,9.61,1.59,2.53
TCGA,63.95,20.61,6.3,3.78,1.12
TCGA,63.88,7.13,10.63,4.95,1.68
TCGA,63.71,21.59,7.3,2.54,0.93
TCGA,63.71,5.47,5.38,2.86,3.23
TCGA,63.68,25.36,3.97,1.44,1.17
TCGA,63.56,2.94,5.38,6.57,3.39
TCGA,63.38,27.13,2.19,2.56,1.07
TCGA,63.33,14.33,12.06,3.34,1.61
TCGA,63.22,12.61,6.19,4.58,5.31
TCGA,63.22,9.03,2.7,2.49,2.57
TCGA,63.21,15.42,9.44,1.82,1.43
TCGA,63.11,28.54,3.95,1.47,1.05
TCGA,62.99,9.16,1.2,2.99,3
TCGA,62.97,8.76,5.8,5.45,4.71
TCGA,62.93,11.02,8.86,2.23,4.09
TCGA,62.89,22.97,2.81,0.65,0.88
TCGA,62.83,25.86,5.81,1.61,0.22
TCGA,62.76,9.41,0,4.41,4.47
TCGA,62.67,16.98,1.44,4.4,1.26
TCGA,62.62,10.13,1.63,5.29,4.43
TCGA,62.59,11.32,4.92,3.83,2.97
TCGA,62.54,14.25,8.63,4.58,1.93
TCGA,62.5,12.33,9.08,2.93,1.81
TCGA,62.44,23.58,4.39,2.58,0.85
TCGA,62.31,16.73,7.02,3.04,1.23
TCGA,62.22,31.89,0.8,1.94,0.36
TCGA,62.22,9.34,7.01,3.86,2.14
TCGA,62.15,15,5.19,3.22,3.21
TCGA,62.12,7.24,0.81,7.57,7.71
TCGA,62.08,13.29,2.11,3.96,4.93
TCGA,62.04,10.85,21.1,2.04,2.05
TCGA,61.99,8,10.25,4.47,3.26
TCGA,61.94,11.59,6.77,5.85,4.36
TCGA,61.85,15.08,6.86,3.24,3.22
TCGA,61.72,8.32,1.93,3.75,4.58
TCGA,61.69,25.12,7.55,2.86,0.3
TCGA,61.57,13.22,6.74,8.59,2.43
TCGA,61.55,14.68,7.08,2.47,1.15
TCGA,61.46,14.73,5.5,6.01,3.58
TCGA,61.42,7.88,3.94,6.82,5.09
TCGA,61.32,15.91,4.93,6.84,3.38
TCGA,61.27,14.94,14.44,2.7,1.8
TCGA,61.22,20.57,7.13,2.49,1.26
TCGA,61.18,15.18,7.83,0.44,2.47
TCGA,61.03,26.45,7.45,3.15,0.15
TCGA,61.02,8.91,3.2,7.5,6.42
TCGA,60.94,10.52,1.22,8.35,5.57
TCGA,60.86,30.2,4.32,2.04,0.09
TCGA,60.83,17.05,8.89,5.16,0.71
TCGA,60.82,25.74,3.39,1.99,1.22
TCGA,60.78,20.39,3.63,3.48,1.52
TCGA,60.73,17.82,7.45,2.67,1.9
TCGA,60.73,16.65,1.35,4.72,4.42
TCGA,60.69,27.67,7.03,2.91,0
TCGA,60.69,18.57,2.07,4.65,3.06
TCGA,60.62,14.88,3.78,4.8,3.5
TCGA,60.46,3.34,3.48,5.91,4.34
TCGA,60.33,14.44,17.2,2.13,0.72
TCGA,60.2,20.18,0.55,4.89,3.39
TCGA,60.12,18.6,12.56,2.6,0.98
TCGA,60.03,8.05,11.11,3.25,2.48
TCGA,60.01,17.84,7.67,8.62,0.67
TCGA,59.93,5.14,2.35,6.27,8.39
TCGA,59.63,27.03,7.01,1.59,0.93
TCGA,59.39,8.5,4.84,3.25,4.15
TCGA,59.33,16.18,0,12.84,4.23
TCGA,59.14,3.22,2.84,13.29,10.34
TCGA,59.12,25.12,3.69,2.26,0.55
TCGA,59.12,15.96,10.13,4.61,3.56
TCGA,59.11,8.88,8.92,5.82,2.27
TCGA,59.03,13.9,5.1,6.17,3.32
TCGA,59,23.7,3.3,2.29,2.82
TCGA,58.89,18.25,3.13,5.41,4.29
TCGA,58.76,27.75,5.89,7.6,0
TCGA,58.76,20.34,3.94,4.6,3.46
TCGA,58.7,5.9,6.17,4.06,4.54
TCGA,58.67,4.44,1.32,8.03,7.66
TCGA,58.33,12.25,7.4,3.06,3
TCGA,58.32,7.17,9.08,5.11,4.98
TCGA,58.3,23.32,4.16,4.47,1.38
TCGA,58.21,14.36,1.52,4.46,8.32
TCGA,58.2,27.82,6.24,1.87,0.49
TCGA,58.09,2.31,6.33,2.49,3.92
TCGA,58.08,20.53,4.97,3.93,3.48
TCGA,58.07,10.36,5.87,4.67,5.17
TCGA,58.04,13.42,6.74,3.64,3.86
TCGA,58.01,2.54,7.52,6.71,3.94
TCGA,57.86,12.29,4.65,7.85,3.33
TCGA,57.77,4.49,1.15,5.03,9.85
TCGA,57.74,20.73,14.8,2.3,0.43
TCGA,57.7,18.06,11.17,3.93,0.61
TCGA,57.67,13.44,7.19,2.26,2.04
TCGA,57.63,15.97,6.44,6.32,1.5
TCGA,57.56,6.86,4.1,6.77,3.01
TCGA,57.51,11.73,4.07,7.94,6.7
TCGA,57.49,8.62,1.99,6.27,5.16
TCGA,57.41,24.86,6.5,2.84,0.81
TCGA,57.29,6.94,13.25,4.9,5.92
TCGA,57.18,7.58,5.73,6.9,4.08
TCGA,57.05,15.16,2.77,5.75,5.07
TCGA,56.99,19.11,4.38,4.95,3.42
TCGA,56.98,12.18,3.34,5.18,5.46
TCGA,56.96,22.41,5.79,10.16,0.94
TCGA,56.91,3.81,4.27,6.69,6.94
TCGA,56.83,11.37,11.07,6.97,2.33
TCGA,56.73,3.69,4.29,6.55,8.33
TCGA,56.61,23.15,3.83,4.46,2.18
TCGA,56.59,14.38,16.6,4.24,1.26
TCGA,56.36,14.27,4.74,5.04,5.35
TCGA,56.16,7.33,3.91,4.04,6
TCGA,55.98,11.38,6.05,6.49,4.8
TCGA,55.88,23.69,5.88,5.67,2.98
TCGA,55.87,6.9,4.08,4.95,4.05
TCGA,55.65,9.38,4.04,6.22,5.47
TCGA,55.55,7.2,10.82,1.89,4.07
TCGA,55.53,26.96,10.41,1.83,0.59
TCGA,55.49,14.14,5.75,5.5,5.21
TCGA,55.47,34.07,5.15,0.99,0.52
TCGA,55.25,8.53,13.79,4.86,5.02
TCGA,54.97,18.02,10.03,6.92,2.49
TCGA,54.92,1.62,8.04,5.66,5.66
TCGA,54.88,12.5,12.06,6.13,4.69
TCGA,54.65,19.92,4.43,1.04,2.18
TCGA,54.6,12.07,5.38,3.89,3.39
TCGA,54.54,21.21,6.59,4.58,1.86
TCGA,54.51,36.33,2.84,1.71,0.41
TCGA,54.48,12.17,10.62,6.92,1.48
TCGA,54.29,17.67,8.5,6.45,3.8
TCGA,54.24,14,4.85,6.19,3.36
TCGA,54.22,24.8,6.03,3.67,2.3
TCGA,54.15,27.19,7.56,3.72,2.32
TCGA,53.76,9.28,5.33,3.22,2.81
TCGA,53.72,11.52,6.49,5.49,4.32
TCGA,53.63,19.65,5.41,6.28,5.61
TCGA,53.59,12.45,3.76,3.98,2.12
TCGA,53.46,14.83,2.54,23.29,3.34
TCGA,53.4,28.49,10.26,1.44,1.41
TCGA,53.3,25.65,14.36,3.83,0.37
TCGA,53.29,19.25,9.38,3.11,3.13
TCGA,53.19,10.27,9.31,7.99,3.63
TCGA,52.98,25.01,7.66,1.27,0.95
TCGA,52.81,7.89,10.52,4.69,3.11
TCGA,52.71,8.73,5.2,5.83,6.34
TCGA,52.59,26.3,10.2,2.24,1.77
TCGA,52.49,23.38,8.66,0.96,2.52
TCGA,52.49,7.4,12.94,2.96,3.44
TCGA,52.24,21.65,8.23,4.87,1.74
TCGA,52.23,6.67,6.68,9.62,9.09
TCGA,52.04,38.09,3.23,0.73,0.35
TCGA,51.92,8.84,7.39,4.52,6.82
TCGA,51.66,22.46,6.36,6.73,4.39
TCGA,51.6,3.13,17.52,8.66,4.73
TCGA,51.59,9.71,9.7,8.74,4.89
TCGA,51.39,8.48,8.51,9.97,4.5
TCGA,51.25,31.54,3.82,3.76,2.68
TCGA,51.15,14.53,10.25,8.15,3.36
TCGA,51.14,8.04,4.41,6.15,4.15
TCGA,51.11,12,9.59,8.46,5.41
TCGA,51.07,7.65,6.62,5.48,3.64
TCGA,51.03,11.64,2.62,6.87,7.38
TCGA,51.02,4.8,3.84,8.09,9.82
TCGA,50.99,28.61,5.63,3.83,1.9
TCGA,50.93,33.59,5.56,3.65,0.96
TCGA,50.79,18.92,8.03,7.29,3.36
TCGA,50.79,17.84,6.21,6.91,3.53
TCGA,50.65,9.46,4.1,8.61,7.87
TCGA,50.61,3.1,15.53,9.91,8.47
TCGA,50.45,7.51,6.59,7.66,6.42
TCGA,50.38,6.99,7.61,8.67,8.06
TCGA,49.8,13.72,10.73,5.75,5.94
TCGA,49.72,24.78,5.92,5.98,4.06
TCGA,49.47,7.16,19.3,4.96,3.36
TCGA,49.27,9.39,4.52,6.55,5.71
TCGA,49.12,16.31,9.54,6.2,5.5
TCGA,48.84,28.07,6.93,4.27,2.5
TCGA,48.42,24.24,5.91,8.36,1.95
TCGA,48.37,19.14,6.53,4.21,5.4
TCGA,48.29,20.98,3.58,10.72,3.75
TCGA,48.08,7.65,10.04,8.5,5.96
TCGA,47.85,16.87,8.24,5.63,5.31
TCGA,47.83,4.41,19.01,7.7,6.86
TCGA,47.82,32.96,13.18,2.31,0.66
TCGA,47.42,35.45,2.75,5.72,3.3
TCGA,47.06,35.5,2.82,3.15,2.4
TCGA,46.95,12.31,8.3,5.98,5.37
TCGA,46.84,22.53,5.75,4.38,3.03
TCGA,46.59,29.46,0.89,8.44,1.62
TCGA,46.49,19.9,9.38,7.94,3.23
TCGA,46.46,2.74,9.72,8.9,12.56
TCGA,45.9,9.98,2.81,7.76,7.58
TCGA,45.87,4.15,16.5,11.64,7.72
TCGA,45.82,5.05,7.37,6.81,9.01
TCGA,44.32,8.5,3.63,13.86,9.13
TCGA,44.31,4.14,8.48,9.8,12.34
TCGA,43.23,8.29,10.9,9.17,4.77
TCGA,42.74,24.81,5.27,7.06,3.09
TCGA,42.6,23.46,5.64,4.22,3.75
TCGA,41.43,28.07,7.06,15.02,2.77
TCGA,41.17,26.99,8.06,4.97,4.85
TCGA,40.46,3.69,3.17,9.03,10.71
TCGA,38.54,5.41,10.63,10.89,9.92
TCGA,36.48,21.86,13.04,16.81,5.94
TCGA,35.81,55.23,4.66,1.93,0.48
TCGA,33.74,36.39,12.3,8.52,1.56
TCGA,58.13,19.6,5.71,4.88,2.66
TCGA,86.13,7.56,2.77,0.8,0.96
TCGA,80.34,9.81,5.09,1.11,0.4
TCGA,79.7,4.47,7.37,3.8,1.27
TCGA,79.39,8.58,9.16,1.59,0.69
TCGA,76.56,4.27,13.27,0.37,0.25
TCGA,75.15,9.56,9.49,2.15,1.2
TCGA,73.53,10.01,6.94,3.17,1.38
TCGA,73.36,14.71,6.16,1.09,1.91
TCGA,73.23,12.02,6.52,0.33,0.45
TCGA,72.09,17.54,2.69,1.65,1.49
TCGA,70.29,4.35,8.86,0.32,1.9
TCGA,69.73,10.39,5.19,3.56,3.58
TCGA,69,17.24,9,2.73,0.69
TCGA,68.93,21.05,2.31,2.31,0
TCGA,68.55,21.28,5.77,0.37,0.56
TCGA,68.25,27.24,2.51,0,0.42
TCGA,67.35,23.64,3.19,3.49,0.86
TCGA,66.28,8.4,4.47,5.58,4.17
TCGA,65.84,6.34,3.97,1.95,3.22
TCGA,65.5,10.6,4.36,3.31,2.91
TCGA,65.2,17.63,3.79,0.74,2.93
TCGA,65.04,18.23,3.27,4.69,3.2
TCGA,65.03,20.96,4.46,0.48,1.28
TCGA,65.02,17.21,1.39,3.51,3.04
TCGA,64.95,21.28,6.42,2.21,0.37
TCGA,64.87,6.24,0.81,2.6,1.19
TCGA,63.88,8.48,16.85,4.5,1.97
TCGA,63.69,27.55,7.13,0.36,0
TCGA,63.39,23.89,5.39,2.03,1.14
TCGA,62.99,6.41,3.92,6.53,4.51
TCGA,62.76,21.61,3.26,1.26,1.63
TCGA,62.09,9.69,5.94,3.34,1.73
TCGA,62.04,11.91,5.25,4.73,3.26
TCGA,61.8,12.04,0,3.41,4.37
TCGA,61.74,13.61,7.3,3.12,2.94
TCGA,61.51,16,14.04,1.83,0.96
TCGA,61.19,7.73,14.84,5.59,4.43
TCGA,60.71,14.05,5.31,1.11,0.97
TCGA,60.61,8.98,17.14,3.02,2.82
TCGA,60.02,13.06,5.6,1.36,3.7
TCGA,59.84,27.64,10.54,0.54,0
TCGA,59.67,17,2.17,2.98,5.77
TCGA,59.36,7.28,3.08,3.67,4.91
TCGA,58.43,13.45,5.98,5.31,4.82
TCGA,58.19,29.53,4.36,2.14,1.08
TCGA,58.07,20.54,6.22,4.53,1.82
TCGA,58.02,26.32,10.31,1.12,1.63
TCGA,57.88,9.18,5.02,4.94,4.71
TCGA,57.67,12.8,5.36,0.3,1.37
TCGA,57.37,11.84,2.56,4.88,3.09
TCGA,56.75,9.17,4.34,4.65,7.24
TCGA,56.62,21.86,6.37,3.91,2.47
TCGA,56.21,14.71,7.3,3.77,3.38
TCGA,56,19.82,0,5.59,2.45
TCGA,55.94,13.51,8.36,2.83,0.42
TCGA,55.54,19.78,15.77,3.51,1.05
TCGA,55.23,14.86,4.74,3.72,1.8
TCGA,54.87,22.76,16.31,2.6,0.6
TCGA,54.87,6.32,5.02,9.01,6.12
TCGA,54.8,24.47,7.16,6.69,1.87
TCGA,54.05,25.87,3.93,5.28,3.02
TCGA,53.94,13.26,7.59,4.17,4.74
TCGA,53.48,11.07,9.25,6.09,2.43
TCGA,53.3,16.46,2.05,3.44,2.52
TCGA,53.06,16.77,4.09,5.19,4.92
TCGA,52.65,13.43,11.11,3.95,2.76
TCGA,52.32,12.29,2.83,5.52,7.21
TCGA,52.31,6.17,1.17,6.85,5.37
TCGA,52,16.78,4.08,5.09,3.48
TCGA,50.91,6.86,8.4,8.7,7.38
TCGA,50.8,4.71,7.24,5.6,8.38
TCGA,50.71,35.37,5.94,4.11,0.34
TCGA,50.46,14.45,8.35,7.99,4.23
TCGA,50.36,7.84,18.45,4.27,5.7
TCGA,50.32,5.85,0.94,2.42,3.29
TCGA,49.97,31.81,11.69,3.92,0.84
TCGA,49.82,25.18,5.11,3.88,2.36
TCGA,49.8,19.37,7.88,3.55,1.58
TCGA,49.54,6.08,4.22,5.23,7.98
TCGA,48.91,26.33,4.19,4.1,3.38
TCGA,48.79,12.41,9.57,5.14,7.02
TCGA,48.45,27.63,4.18,5.79,2.23
TCGA,47.27,21.27,12.51,6.94,4.74
TCGA,46.31,27.26,15.65,4.61,1.27
TCGA,46.16,38.46,8.71,0.66,1.57
TCGA,45.21,36.74,4.04,4.81,1.31
TCGA,45.04,8.63,9.35,7.56,8.69
TCGA,44.57,12.03,14.09,4.85,4.18
TCGA,44.27,10.77,13.85,9.31,4.42
TCGA,42.81,32.39,4.18,7.49,3.32
TCGA,42.64,7.07,13.99,12.97,9.25
TCGA,42.42,29.74,11.94,6.29,2.69
TCGA,42.24,29.59,9.83,5.48,2.54
TCGA,42.19,22.51,7.55,9.76,3.74
TCGA,41.95,20.24,19.8,4.18,1.6
TCGA,41.94,38.25,3.07,9.61,1.81
TCGA,41.24,7.08,13.28,8.68,7.99
TCGA,41.05,29.68,8.4,5.18,3.1
TCGA,39.71,32.17,7.36,7.11,3.56
TCGA,38.48,23.82,10.44,6.05,3.22
TCGA,35.67,41.67,9.71,4.33,2.4
TCGA,31.42,11.43,17.36,11.1,8.25